{
	"info": {
		"_postman_id": "8b230852-12d8-4f44-bf72-61d42e0a1860",
		"name": "OnlineJobFair",
		"description": "Backend API for Online Job Fair System",
		"schema": "https://schema.getpostman.com/json/collection/v2.1.0/collection.json",
		"_exporter_id": "33073198"
	},
	"item": [
		{
			"name": "Companies",
			"item": [
				{
					"name": "Get ALL Companies",
					"event": [
						{
							"listen": "test",
							"script": {
								"exec": [
									"pm.test(\"Status code is 200\", function () {\r",
									"    pm.response.to.have.status(200);\r",
									"});\r",
									"\r",
									"const response = pm.response.json();\r",
									"\r",
									"console.log(response);\r",
									"\r",
									"pm.test(\"There are some companies!!\", () => {\r",
									"    pm.expect(response.count).to.be.above(0);\r",
									"});\r",
									"\r",
									"postman.setNextRequest(\"Create New Company\");"
								],
								"type": "text/javascript"
							}
						}
					],
					"request": {
						"auth": {
							"type": "bearer",
							"bearer": [
								{
									"key": "token",
									"value": "{{TOKEN}}",
									"type": "string"
								}
							]
						},
						"method": "GET",
						"header": [],
						"url": {
							"raw": "{{URL}}/api/v1/companies",
							"host": [
								"{{URL}}"
							],
							"path": [
								"api",
								"v1",
								"companies"
							],
							"query": [
								{
									"key": "name",
									"value": "BKK",
									"disabled": true
								},
								{
									"key": "select",
									"value": "name,tel",
									"disabled": true
								},
								{
									"key": "name[lt]",
									"value": "a",
									"disabled": true
								},
								{
									"key": "page",
									"value": "1",
									"disabled": true
								}
							]
						},
						"description": "Fecth all companies from database."
					},
					"response": []
				},
				{
					"name": "Get Single Company",
					"event": [
						{
							"listen": "test",
							"script": {
								"exec": [
									"pm.test(\"Status code is 200\", function () {\r",
									"    pm.response.to.have.status(200);\r",
									"});\r",
									"\r",
									"postman.setNextRequest(\"Update Single Company\");"
								],
								"type": "text/javascript"
							}
						}
					],
					"request": {
						"auth": {
							"type": "bearer",
							"bearer": [
								{
									"key": "token",
									"value": "{{TOKEN}}",
									"type": "string"
								}
							]
						},
						"method": "GET",
						"header": [],
						"url": {
							"raw": "{{URL}}/api/v1/companies/:company_ID",
							"host": [
								"{{URL}}"
							],
							"path": [
								"api",
								"v1",
								"companies",
								":company_ID"
							],
							"variable": [
								{
									"key": "company_ID",
									"value": "{{global_company_ID}}"
								}
							]
						},
						"description": "Fetch single company from database."
					},
					"response": []
				},
				{
					"name": "Create New Company",
					"event": [
						{
							"listen": "test",
							"script": {
								"exec": [
									"pm.test(\"Status code is 201\", function () {\r",
									"    pm.response.to.have.status(201);\r",
									"});\r",
									"\r",
									"const response = pm.response.json();\r",
									"const new_company_id = response.data.id;\r",
									"\r",
									"pm.globals.set(\"global_company_ID\", new_company_id);\r",
									"\r",
									"postman.setNextRequest(\"Get Single Company\");"
								],
								"type": "text/javascript"
							}
						}
					],
					"request": {
						"auth": {
							"type": "bearer",
							"bearer": [
								{
									"key": "token",
									"value": "{{TOKEN}}",
									"type": "string"
								}
							]
						},
						"method": "POST",
						"header": [
							{
								"key": "Content-Type",
								"value": "application/json",
								"description": "JSON Type",
								"type": "text"
							}
						],
						"body": {
							"mode": "raw",
							"raw": "{\r\n    \"name\": \"{{$randomFullName}}\",\r\n    \"address\": \"Silom\",\r\n    \"website\": \"BKK.com\",\r\n    \"description\": \"BKK bank\",\r\n    \"tel\": \"1333\"\r\n}",
							"options": {
								"raw": {
									"language": "json"
								}
							}
						},
						"url": {
							"raw": "{{URL}}/api/v1/companies",
							"host": [
								"{{URL}}"
							],
							"path": [
								"api",
								"v1",
								"companies"
							]
						},
						"description": "Add new company to Database."
					},
					"response": []
				},
				{
					"name": "Update Single Company",
					"event": [
						{
							"listen": "test",
							"script": {
								"exec": [
									"pm.test(\"Status code is 200\", function () {\r",
									"    pm.response.to.have.status(200);\r",
									"});\r",
									"\r",
									"postman.setNextRequest(\"Delete Single Company\");"
								],
								"type": "text/javascript"
							}
						}
					],
					"request": {
						"auth": {
							"type": "bearer",
							"bearer": [
								{
									"key": "token",
									"value": "{{TOKEN}}",
									"type": "string"
								}
							]
						},
						"method": "PUT",
						"header": [
							{
								"key": "Content-Type",
								"value": "application/json",
								"description": "JSON Type",
								"type": "text"
							}
						],
						"body": {
							"mode": "raw",
							"raw": "{\r\n    \"name\":\"SCG\"\r\n}",
							"options": {
								"raw": {
									"language": "json"
								}
							}
						},
						"url": {
							"raw": "{{URL}}/api/v1/companies/:company_ID",
							"host": [
								"{{URL}}"
							],
							"path": [
								"api",
								"v1",
								"companies",
								":company_ID"
							],
							"variable": [
								{
									"key": "company_ID",
									"value": "{{global_company_ID}}"
								}
							]
						},
						"description": "Update data of company in Database."
					},
					"response": []
				},
				{
					"name": "Delete Single Company",
					"event": [
						{
							"listen": "test",
							"script": {
								"exec": [
									"pm.test(\"Status code is 200\", function () {\r",
									"    pm.response.to.have.status(200);\r",
									"});\r",
									"\r",
									"postman.setNextRequest(null);"
								],
								"type": "text/javascript"
							}
						}
					],
					"request": {
						"auth": {
							"type": "bearer",
							"bearer": [
								{
									"key": "token",
									"value": "{{TOKEN}}",
									"type": "string"
								}
							]
						},
						"method": "DELETE",
						"header": [],
						"url": {
							"raw": "{{URL}}/api/v1/companies/:company_ID",
							"host": [
								"{{URL}}"
							],
							"path": [
								"api",
								"v1",
								"companies",
								":company_ID"
							],
							"variable": [
								{
									"key": "company_ID",
									"value": "{{global_company_ID}}"
								}
							]
						},
						"description": "Delete company from Database."
					},
					"response": []
				}
			],
			"description": "Companies CRUD functionality"
		},
		{
			"name": "Authentication",
			"item": [
				{
					"name": "Register user",
					"event": [
						{
							"listen": "test",
							"script": {
								"exec": [
									"pm.environment.set(\"TOKEN\",pm.response.json().token)"
								],
								"type": "text/javascript"
							}
						}
					],
					"request": {
						"auth": {
							"type": "bearer",
							"bearer": [
								{
									"key": "token",
									"value": "{{TOKEN}}",
									"type": "string"
								}
							]
						},
						"method": "POST",
						"header": [
							{
								"key": "Content-Type",
								"value": "application/json",
								"description": "JSON Type",
								"type": "text"
							}
						],
						"body": {
							"mode": "raw",
							"raw": "{\r\n    \"name\":\"Moss\",\r\n    \"tel\":\"0986257379\",\r\n    \"email\":\"moss@gmail.com\",\r\n    \"password\":\"12345678\",\r\n    \"role\":\"user\"\r\n}",
							"options": {
								"raw": {
									"language": "json"
								}
							}
						},
						"url": {
							"raw": "{{URL}}/api/v1/auth/register",
							"host": [
								"{{URL}}"
							],
							"path": [
								"api",
								"v1",
								"auth",
								"register"
							]
						}
					},
					"response": []
				},
				{
					"name": "Login",
					"event": [
						{
							"listen": "test",
							"script": {
								"exec": [
									"pm.environment.set(\"TOKEN\",pm.response.json().token)"
								],
								"type": "text/javascript"
							}
						}
					],
					"request": {
						"auth": {
							"type": "bearer",
							"bearer": [
								{
									"key": "token",
									"value": "{{TOKEN}}",
									"type": "string"
								}
							]
						},
						"method": "POST",
						"header": [
							{
								"key": "Content-Type",
								"value": "application/json",
								"description": "JSON Type",
								"type": "text"
							}
						],
						"body": {
							"mode": "raw",
							"raw": "{\r\n    \"email\":\"beer@gmail.com\",\r\n    \"password\":\"12345678\"\r\n}",
							"options": {
								"raw": {
									"language": "json"
								}
							}
						},
						"url": {
							"raw": "{{URL}}/api/v1/auth/login",
							"host": [
								"{{URL}}"
							],
							"path": [
								"api",
								"v1",
								"auth",
								"login"
							]
						}
					},
					"response": []
				},
				{
					"name": "Get Logged In User with Token",
					"request": {
						"auth": {
							"type": "bearer",
							"bearer": [
								{
									"key": "token",
									"value": "{{TOKEN}}",
									"type": "string"
								}
							]
						},
						"method": "GET",
						"header": [
							{
								"key": "Content-Type",
								"value": "application/json",
								"description": "JSON Type",
								"type": "text"
							},
							{
								"key": "Authorization",
								"value": "Bearer eyJhbGciOiJIUzI1NiIsInR5cCI6IkpXVCJ9.eyJpZCI6IjY1ZGM1ZmI0NzMxOWE0MjFhNDY5NTFiOCIsImlhdCI6MTcwODk0NTk2MCwiZXhwIjoxNzExNTM3OTYwfQ.8NnRjC2klfRvJYmDahHSQnokjbO5Ez1lDw3a1PJujdM",
								"type": "text",
								"disabled": true
							}
						],
						"url": {
							"raw": "{{URL}}/api/v1/auth/me",
							"host": [
								"{{URL}}"
							],
							"path": [
								"api",
								"v1",
								"auth",
								"me"
							]
						}
					},
					"response": []
				}
			]
		},
		{
			"name": "Interviews",
			"item": [
				{
					"name": "Get ALL Intvs",
					"request": {
						"auth": {
							"type": "bearer",
							"bearer": [
								{
									"key": "token",
									"value": "{{TOKEN}}",
									"type": "string"
								}
							]
						},
						"method": "GET",
						"header": [],
						"url": {
							"raw": "{{URL}}/api/v1/interviews",
							"host": [
								"{{URL}}"
							],
							"path": [
								"api",
								"v1",
								"interviews"
							]
						}
					},
					"response": []
				},
				{
					"name": "Delete Company & Intv",
					"request": {
						"auth": {
							"type": "bearer",
							"bearer": [
								{
									"key": "token",
									"value": "{{TOKEN}}",
									"type": "string"
								}
							]
						},
						"method": "DELETE",
						"header": [],
						"url": {
							"raw": "{{URL}}/api/v1/companies/65dc7c0a9c6e0bb2fe275d64",
							"host": [
								"{{URL}}"
							],
							"path": [
								"api",
								"v1",
								"companies",
								"65dc7c0a9c6e0bb2fe275d64"
							]
						}
					},
					"response": []
				},
				{
					"name": "Get Intv for Company",
					"request": {
						"auth": {
							"type": "bearer",
							"bearer": [
								{
									"key": "token",
									"value": "{{TOKEN}}",
									"type": "string"
								}
							]
						},
						"method": "GET",
						"header": [],
						"url": {
							"raw": "{{URL}}/api/v1/companies/65dc7c67229544fc1b0862fd",
							"host": [
								"{{URL}}"
							],
							"path": [
								"api",
								"v1",
								"companies",
								"65dc7c67229544fc1b0862fd"
							]
						}
					},
					"response": []
				},
				{
					"name": "Get ONE Intv",
					"request": {
						"auth": {
							"type": "bearer",
							"bearer": [
								{
									"key": "token",
									"value": "{{TOKEN}}",
									"type": "string"
								}
							]
						},
						"method": "GET",
						"header": [],
						"url": {
							"raw": "{{URL}}/api/v1/interviews/65e37f112d1adad5e906ce74",
							"host": [
								"{{URL}}"
							],
							"path": [
								"api",
								"v1",
								"interviews",
								"65e37f112d1adad5e906ce74"
							]
						}
					},
					"response": []
				},
				{
					"name": "Create New Interview",
					"request": {
						"auth": {
							"type": "bearer",
							"bearer": [
								{
									"key": "token",
									"value": "{{TOKEN}}",
									"type": "string"
								}
							]
						},
						"method": "POST",
						"header": [
							{
								"key": "Content-Type",
								"value": "application/json",
								"description": "JSON Type",
								"type": "text"
							}
						],
						"body": {
							"mode": "raw",
							"raw": "{\r\n    \"intvDate\":\"2022-05-10T17:00:00.000Z\",\r\n    \"job_position\":\"65e3828e4fe105de76a0f858\"\r\n}",
							"options": {
								"raw": {
									"language": "json"
								}
							}
						},
						"url": {
							"raw": "{{URL}}/api/v1/companies/65e38174de252272750f6c56/interviews/",
							"host": [
								"{{URL}}"
							],
							"path": [
								"api",
								"v1",
								"companies",
								"65e38174de252272750f6c56",
								"interviews",
								""
							]
						}
					},
					"response": []
				},
				{
					"name": "Update Single Interview",
					"request": {
						"auth": {
							"type": "bearer",
							"bearer": [
								{
									"key": "token",
									"value": "{{TOKEN}}",
									"type": "string"
								}
							]
						},
						"method": "PUT",
						"header": [
							{
								"key": "Content-Type",
								"value": "application/json",
								"description": "JSON Type",
								"type": "text"
							}
						],
						"body": {
							"mode": "raw",
							"raw": "{\r\n    \"intvDate\":\"2022-05-10T17:30:00.000Z\"\r\n}",
							"options": {
								"raw": {
									"language": "json"
								}
							}
						},
						"url": {
							"raw": "{{URL}}/api/v1/interviews/65e37f112d1adad5e906ce74",
							"host": [
								"{{URL}}"
							],
							"path": [
								"api",
								"v1",
								"interviews",
								"65e37f112d1adad5e906ce74"
							]
						}
					},
					"response": []
				},
				{
					"name": "Delete Single Interview",
					"request": {
						"auth": {
							"type": "bearer",
							"bearer": [
								{
									"key": "token",
									"value": "{{TOKEN}}",
									"type": "string"
								}
							]
						},
						"method": "DELETE",
						"header": [],
						"url": {
							"raw": "{{URL}}/api/v1/interviews/65e381aade252272750f6c67",
							"host": [
								"{{URL}}"
							],
							"path": [
								"api",
								"v1",
								"interviews",
								"65e381aade252272750f6c67"
							]
						}
					},
					"response": []
				}
			],
			"description": "function for reletione interview between user and Conpanies"
		},
		{
			"name": "Jobpositions",
			"item": [
				{
					"name": "Get ALL Jobposition",
					"request": {
						"auth": {
							"type": "bearer",
							"bearer": [
								{
									"key": "token",
									"value": "{{TOKEN}}",
									"type": "string"
								}
							]
						},
						"method": "GET",
						"header": [],
						"url": {
							"raw": "{{URL}}/api/v1/positions",
							"host": [
								"{{URL}}"
							],
							"path": [
								"api",
								"v1",
								"positions"
							]
						}
					},
					"response": []
				},
				{
					"name": "Create Jobposition",
					"request": {
						"auth": {
							"type": "bearer",
							"bearer": [
								{
									"key": "token",
									"value": "{{TOKEN}}",
									"type": "string"
								}
							]
						},
						"method": "POST",
						"header": [
							{
								"key": "Content-Type",
								"value": "application/json",
								"description": "JSON Type",
								"type": "text"
							}
						],
						"body": {
							"mode": "raw",
							"raw": "{\r\n    \"position\":\"App dev\",\r\n    \"requirement\":\"Kotlin\"\r\n}",
							"options": {
								"raw": {
									"language": "json"
								}
							}
						},
						"url": {
							"raw": "{{URL}}/api/v1/companies/65e38174de252272750f6c56/positions",
							"host": [
								"{{URL}}"
							],
							"path": [
								"api",
								"v1",
								"companies",
								"65e38174de252272750f6c56",
								"positions"
							]
						}
					},
					"response": []
				},
				{
					"name": "Delete SINGLE Jobposition",
					"request": {
						"auth": {
							"type": "bearer",
							"bearer": [
								{
									"key": "token",
									"value": "{{TOKEN}}",
									"type": "string"
								}
							]
						},
						"method": "DELETE",
						"header": [],
						"url": {
							"raw": "{{URL}}/api/v1/positions/65e3828e4fe105de76a0f858",
							"host": [
								"{{URL}}"
							],
							"path": [
								"api",
								"v1",
								"positions",
								"65e3828e4fe105de76a0f858"
							]
						}
					},
					"response": []
				},
				{
					"name": "Get Single Jobposition",
					"request": {
						"auth": {
							"type": "bearer",
							"bearer": [
								{
									"key": "token",
									"value": "{{TOKEN}}",
									"type": "string"
								}
							]
						},
						"method": "GET",
						"header": [],
						"url": {
							"raw": "{{URL}}/api/v1/positions/65e3583ff8a3183a7268f65a",
							"host": [
								"{{URL}}"
							],
							"path": [
								"api",
								"v1",
								"positions",
								"65e3583ff8a3183a7268f65a"
							]
						}
					},
					"response": []
				},
				{
					"name": "Update Single Jobposition",
					"request": {
						"auth": {
							"type": "bearer",
							"bearer": [
								{
									"key": "token",
									"value": "{{TOKEN}}",
									"type": "string"
								}
							]
						},
						"method": "PUT",
						"header": [
							{
								"key": "Content-Type",
								"value": "application/json",
								"description": "JSON Type",
								"type": "text"
							}
						],
						"body": {
							"mode": "raw",
							"raw": "{\r\n    \"requirement\":\"Kotlin and Java\"\r\n}",
							"options": {
								"raw": {
									"language": "json"
								}
							}
						},
						"url": {
							"raw": "{{URL}}/api/v1/positions/65e3583ff8a3183a7268f65a",
							"host": [
								"{{URL}}"
							],
							"path": [
								"api",
								"v1",
								"positions",
								"65e3583ff8a3183a7268f65a"
							]
						}
					},
					"response": []
				}
			]
		}
	],
	"event": [
		{
			"listen": "prerequest",
			"script": {
				"type": "text/javascript",
				"exec": [
					""
				]
			}
		},
		{
			"listen": "test",
			"script": {
				"type": "text/javascript",
				"exec": [
					""
				]
			}
		}
	],
	"variable": [
		{
			"key": "URL",
			"value": "http://jobfairdomain.us-east-1.elasticbeanstalk.com",
			"type": "string"
		},
		{
			"key": "TOKEN",
			"value": "eyJhbGciOiJIUzI1NiIsInR5cCI6IkpXVCJ9.eyJpZCI6IjY1ZGM1ZmI0NzMxOWE0MjFhNDY5NTFiOCIsImlhdCI6MTcwOTQwODU1MywiZXhwIjoxNzEyMDAwNTUzfQ.YyCNXmGsa3J7wFxtORSLOY6cHC5zpXpeA-BZ6-lL2xk",
			"type": "string"
		}
	]
}